<?xml version="1.0"?>
<metadata>
	<idinfo>
		<citation>
			<citeinfo>
				<origin>King County</origin>
				<pubdate>20050811</pubdate>
				<title>King County Freeways derived from kcsn</title>
				<edition>One</edition>
				<geoform>Vector digital data</geoform>
				<pubinfo>
					<pubplace>King County, WA</pubplace>
					<publish>King County</publish>
				</pubinfo>
				<othercit>None</othercit>
				<onlink>None</onlink>
				<ftname Sync="TRUE">kcsnf</ftname></citeinfo>
		</citation>
		<descript>
			<abstract>Line features from KC Street network coverage (kcsn) ROAD_CLASS = F (freeway).</abstract>
			<purpose>Developed to support end users with map production displaying a single road class to enhance drawing speed and symbology.</purpose>
			<supplinf>None</supplinf>
			<langdata Sync="TRUE">en</langdata></descript>
		<timeperd>
			<timeinfo>
				<sngdate>
				</sngdate>
			</timeinfo>
			<current>publication date</current>
		</timeperd>
		<status>
			<progress>Complete</progress>
			<update>Daily</update>
		</status>
		<keywords>
			<theme>
				<themekt>Not applicable</themekt>
				<themekey>street</themekey>
				<themekey>transportation</themekey>
				<themekey>none</themekey>
			</theme>
			<place>
				<placekt>Not applicable</placekt>
				<placekey>King County, WA</placekey>
				<placekey>Pacific NW</placekey>
				<placekey>Washington state</placekey>
			</place>
		</keywords>
		<accconst>None</accconst>
		<useconst>King County data are made available with the understanding that they shall be used exclusively by the obtainer or his/her authorized agents. Digital products may not be reproduced or redistributed in any form or by any means without the express written authorization of King County.
Coverage is updated weekly by batch process and should not be modified in any way.
Coverage is derived from the King County Street Network (kcsn). The arcs represented in kcsnf will match the King County Street Network coverage (kcsn) also located in the production area for all arcs where road_class = "F". 


</useconst>
		<ptcontac>
			<cntinfo>
				<cntperp>
					<cntper>Tamara Davis</cntper>
					<cntorg>King County Dept. of Transportation, Metro Transit Division, GIS Group</cntorg>
				</cntperp>
				<cntpos>GIS Analyst</cntpos>
				<cntaddr>
					<addrtype>Mailing and physical address</addrtype>
					<address>201 S Jackson St, Suite 800</address>
					<city>Seattle</city>
					<state>WA</state>
					<postal>98104-3856</postal>
					<country>USA</country>
				</cntaddr>
				<cntvoice>206-684-2118</cntvoice>
			</cntinfo>
		</ptcontac>
		<browse>
			<browsen>http://www.metrokc.gov/gis/sdc/content/internal/images/kcsnf.jpg</browsen>
			<browsed>JPG File of layer overlain on base of WA counties or local cities</browsed>
			<browset>JPG</browset>
		</browse>
		<native>ArcView 3.x, ArcInfo 7.x, ArcGIS 8.3, Windows 2000, WindowsXP</native>
		<spdom><bounding><westbc Sync="TRUE">-122.748500</westbc><eastbc Sync="TRUE">-121.390525</eastbc><northbc Sync="TRUE">48.305517</northbc><southbc Sync="TRUE">47.071634</southbc></bounding><lboundng><leftbc Sync="TRUE">1174236.182816</leftbc><rightbc Sync="TRUE">1501591.879000</rightbc><bottombc Sync="TRUE">31796.918392</bottombc><topbc Sync="TRUE">476732.338135</topbc></lboundng></spdom><natvform Sync="TRUE">Shapefile</natvform></idinfo>
	<dataqual>
		<attracc>
		</attracc>
		<lineage>
			<procstep>
				<procdesc>Source type: Derived KING Scale: COUNTY Scale: STREET Sca le: NETWORK Scale: COVERAGE Scale: (KCSN) Scale: Extract arcs from the King County Street Network Coverage (kcsn) usi ng the RESELECT command as a batch process (road_class = F). The coverage is generaged and placed in the production area at the same time that the King County Street Network covera ge (kcsn) is updated in the production area. The batch proce ss currently runs at 5:00 AM every saturday For detailed tec hnical information regarding automation procedures consult t he kcsn2prd batch process application. Refer to the document ation on kcsn for information regarding the automation proce dures of the King County Street Network coverage (kcsn) from which kcsnf is based 

</procdesc>
			</procstep>
			<procstep><procdesc Sync="TRUE">Dataset copied.</procdesc><srcused Sync="TRUE">H:\gislabs\lab5data\king_freeways\kcsnf</srcused><date Sync="TRUE">20080904</date><time Sync="TRUE">13133100</time></procstep></lineage>
	</dataqual>
	<eainfo>
		<detailed Name="kcsnf">
			<enttyp>
				<enttypl>kcsnf.dbf</enttypl>
				<enttypd>Line attribute table</enttypd>
				<enttypds>ESRI</enttypds>
				<enttypt Sync="TRUE">Feature Class</enttypt><enttypc Sync="TRUE">5556</enttypc></enttyp>
			<attr><attrlabl Sync="TRUE">FID</attrlabl></attr><attr><attrlabl Sync="TRUE">Shape</attrlabl></attr><attr>
				<attrlabl>FNODE_</attrlabl>
				<attrdef>Internal number for line end point from original coverage</attrdef>
				<attrdefs>ESRI</attrdefs>
				<attrdomv>
					<udom>Sequential unique whole numbers that are automatically generated</udom>
				</attrdomv>
				<attrtype Sync="TRUE">Number</attrtype><attwidth Sync="TRUE">11</attwidth></attr>
			<attr>
				<attrlabl>TNODE_</attrlabl>
				<attrdef>Internal number for line start point from original coverage</attrdef>
				<attrdefs>ESRI</attrdefs>
				<attrdomv>
					<udom>Sequential unique whole numbers that are automatically generated</udom>
				</attrdomv>
				<attrtype Sync="TRUE">Number</attrtype><attwidth Sync="TRUE">11</attwidth></attr>
			<attr>
				<attrlabl>LPOLY_</attrlabl>
				<attrdef>Internal number for polygon, if exists, to left of arc direction (from original coverage)</attrdef>
				<attrdefs>ESRI</attrdefs>
				<attrdomv>
					<udom>Sequential unique whole numbers that are automatically generated</udom>
				</attrdomv>
				<attrtype Sync="TRUE">Number</attrtype><attwidth Sync="TRUE">11</attwidth></attr>
			<attr>
				<attrlabl>RPOLY_</attrlabl>
				<attrdef>Internal number for polygon, if exists, to right of arc direction (from original coverage)</attrdef>
				<attrdefs>ESRI</attrdefs>
				<attrdomv>
					<udom>Sequential unique whole numbers that are automatically generated</udom>
				</attrdomv>
				<attrtype Sync="TRUE">Number</attrtype><attwidth Sync="TRUE">11</attwidth></attr>
			<attr>
				<attrlabl>LENGTH</attrlabl>
				<attrdef>Length of arc (line segment)</attrdef>
				<attrdefs>ESRI</attrdefs>
				<attrdomv>
					<udom>Integer value of length in feet</udom>
				</attrdomv>
				<attrtype Sync="TRUE">Float</attrtype><attwidth Sync="TRUE">20</attwidth><atnumdec Sync="TRUE">5</atnumdec></attr>
			<attr><attrlabl Sync="TRUE">KCFRWY_</attrlabl><attrtype Sync="TRUE">Number</attrtype><attwidth Sync="TRUE">11</attwidth></attr><attr><attrlabl Sync="TRUE">KCFRWY_ID</attrlabl><attrtype Sync="TRUE">Number</attrtype><attwidth Sync="TRUE">11</attwidth></attr><attr>
				<attrlabl>FRADDL</attrlabl>
				<attrdomv>
					<rdom>
						<rdommin>0</rdommin>
						<rdommax>22900</rdommax>
						<attrmres>1</attrmres>
					</rdom>
				</attrdomv>
				<attrtype Sync="TRUE">Number</attrtype><attwidth Sync="TRUE">6</attwidth><attrdef>Address at the from node on the left side of street</attrdef><attrdefs>King County</attrdefs></attr>
			<attr>
				<attrlabl>TOADDL</attrlabl>
				<attrdomv>
					<rdom>
						<rdommin>0</rdommin>
						<rdommax>22998</rdommax>
						<attrmres>1</attrmres>
					</rdom>
				</attrdomv>
				<attrtype Sync="TRUE">Number</attrtype><attwidth Sync="TRUE">6</attwidth><attrdef>Address at the to node on the left side of street</attrdef><attrdefs>King County</attrdefs></attr>
			<attr>
				<attrlabl>FRADDR</attrlabl>
				<attrdomv>
					<rdom>
						<rdommin>0</rdommin>
						<rdommax>22901</rdommax>
						<attrmres>1</attrmres>
					</rdom>
				</attrdomv>
				<attrtype Sync="TRUE">Number</attrtype><attwidth Sync="TRUE">6</attwidth><attrdef>Address at the from node on the right side of street</attrdef><attrdefs>King County</attrdefs></attr>
			<attr>
				<attrlabl>TOADDR</attrlabl>
				<attrdomv>
					<rdom>
						<rdommin>0</rdommin>
						<rdommax>22999</rdommax>
						<attrmres>1</attrmres>
					</rdom>
				</attrdomv>
				<attrtype Sync="TRUE">Number</attrtype><attwidth Sync="TRUE">6</attwidth><attrdef>Address at the to node on the right side of street</attrdef><attrdefs>King County</attrdefs></attr>
			<attr>
				<attrlabl>ZIPL</attrlabl>
				<attrdomv>
					<rdom>
						<rdommin>0</rdommin>
						<rdommax>98503</rdommax>
						<attrmres>1</attrmres>
					</rdom>
				</attrdomv>
				<attrtype Sync="TRUE">Number</attrtype><attwidth Sync="TRUE">5</attwidth><attrdef>The postal zip code on the left side of the street</attrdef><attrdefs>King County</attrdefs></attr>
			<attr>
				<attrlabl>ZIPR</attrlabl>
				<attrdomv>
					<rdom>
						<rdommin>0</rdommin>
						<rdommax>98503</rdommax>
						<attrmres>1</attrmres>
					</rdom>
				</attrdomv>
				<attrtype Sync="TRUE">Number</attrtype><attwidth Sync="TRUE">5</attwidth><attrdef>The postal zip code on right side of street</attrdef><attrdefs>King County</attrdefs></attr>
			<attr>
				<attrlabl>KEYNAME</attrlabl>
				<attrdomv>
					<rdom>
						<rdommin>1</rdommin>
						<rdommax>11979</rdommax>
						<attrmres>1</attrmres>
					</rdom>
				</attrdomv>
				<attrtype Sync="TRUE">Number</attrtype><attwidth Sync="TRUE">11</attwidth><attrdef>Link key identifier to street name table (kcsn.table)</attrdef><attrdefs>King County</attrdefs></attr>
			<attr>
				<attrlabl>FEATURE</attrlabl>
				<attrdomv>
					<udom></udom>
					<udom></udom>
				</attrdomv>
				<attrtype Sync="TRUE">String</attrtype><attwidth Sync="TRUE">28</attwidth><attrdef>Full street name (with space between street name &amp; suffix direction)</attrdef><attrdefs>King County</attrdefs></attr>
			<attr>
				<attrlabl>FEATURE2</attrlabl>
				<attrdomv>
					<udom></udom>
					<udom></udom>
					<udom></udom>
				</attrdomv>
				<attrtype Sync="TRUE">String</attrtype><attwidth Sync="TRUE">31</attwidth><attrdef>Full street name (without space between street name &amp; suffix direction)</attrdef><attrdefs>King County</attrdefs></attr>
			<attr>
				<attrlabl>ALIAS1</attrlabl>
				<attrdomv>
				</attrdomv>
				<attrtype Sync="TRUE">String</attrtype><attwidth Sync="TRUE">31</attwidth><attrdef>Full second street name and type/suffix direction</attrdef><attrdefs>King County</attrdefs></attr>
			<attr>
				<attrlabl>ALIAS2</attrlabl>
				<attrdomv>
				</attrdomv>
				<attrtype Sync="TRUE">String</attrtype><attwidth Sync="TRUE">31</attwidth><attrdef>Full 3rd street name &amp; type/suffix direction</attrdef><attrdefs>King County</attrdefs></attr>
			<attr>
				<attrlabl>KEYALIAS1</attrlabl>
				<attrdomv>
				</attrdomv>
				<attrtype Sync="TRUE">Number</attrtype><attwidth Sync="TRUE">11</attwidth><attrdef>2nd link key identifier to street name table (kcsn.stname)</attrdef><attrdefs>King County</attrdefs></attr>
			<attr>
				<attrlabl>KEYALIAS2</attrlabl>
				<attrdomv>
				</attrdomv>
				<attrtype Sync="TRUE">Number</attrtype><attwidth Sync="TRUE">11</attwidth><attrdef>3rd link key identifier to street name table (kcsn.stname)</attrdef><attrdefs>King County</attrdefs></attr>
			<attr>
				<attrlabl>PREFIX</attrlabl>
				<attrdomv>
					<edom>
						<edomv>(no value)</edomv>
					</edom>
					<edom>
						<edomv>NE</edomv>
						<edomvd>Northeast</edomvd>
						<edomvds>King County</edomvds>
					</edom>
					<edom>
						<edomv>S</edomv>
						<edomvd>South</edomvd>
						<edomvds>King County</edomvds>
					</edom>
					<edom>
						<edomv>SE</edomv>
						<edomvd>Southeast</edomvd>
						<edomvds>King County</edomvds>
					</edom>
					<edom>
						<edomv>SW</edomv>
						<edomvd>Southwest</edomvd>
						<edomvds>King County</edomvds>
					</edom>
					<edom>
						<edomv>W</edomv>
						<edomvd>West</edomvd>
						<edomvds>King County</edomvds>
					</edom>
				</attrdomv>
				<attrtype Sync="TRUE">String</attrtype><attwidth Sync="TRUE">2</attwidth><attrdef>Prefix of the street</attrdef><attrdefs>King County</attrdefs></attr>
			<attr>
				<attrlabl>STNAME</attrlabl>
				<attrdomv>
				</attrdomv>
				<attrtype Sync="TRUE">String</attrtype><attwidth Sync="TRUE">20</attwidth><attrdef>Name of the street</attrdef><attrdefs>King County</attrdefs></attr>
			<attr>
				<attrlabl>STYPE</attrlabl>
				<attrdomv>
					<edom>
						<edomv>(no value)</edomv>
					</edom>
					<edom>
						<edomv>AcRd</edomv>
						<edomvd>Access Road</edomvd>
						<edomvds>King County</edomvds>
					</edom>
					<edom>
						<edomv>Ave</edomv>
						<edomvd>Avenue</edomvd>
						<edomvds>King County</edomvds>
					</edom>
					<edom>
						<edomv>Brg</edomv>
						<edomvd>Bridge</edomvd>
						<edomvds>King County</edomvds>
					</edom>
					<edom>
						<edomv>Expy</edomv>
						<edomvd>Express Freeway</edomvd>
						<edomvds>King County</edomvds>
					</edom>
					<edom>
						<edomv>Fwy</edomv>
						<edomvd>Freeway</edomvd>
						<edomvds>King County</edomvds>
					</edom>
					<edom>
						<edomv>Ln</edomv>
						<edomvd>Lane</edomvd>
						<edomvds>King County</edomvds>
					</edom>
					<edom>
						<edomv>Opas</edomv>
					</edom>
					<edom>
						<edomv>Ramp</edomv>
						<edomvd>Ramp</edomvd>
						<edomvds>King County</edomvds>
					</edom>
					<edom>
						<edomv>Rd</edomv>
						<edomvd>Road</edomvd>
						<edomvds>King County</edomvds>
					</edom>
					<edom>
						<edomv>St</edomv>
						<edomvd>Street</edomvd>
						<edomvds>King County</edomvds>
					</edom>
					<edom>
						<edomv>Tunl</edomv>
						<edomvd>Tunnel</edomvd>
						<edomvds>King County</edomvds>
					</edom>
					<edom>
						<edomv>Way</edomv>
						<edomvd>Way</edomvd>
						<edomvds>King County</edomvds>
					</edom>
				</attrdomv>
				<attrtype Sync="TRUE">String</attrtype><attwidth Sync="TRUE">4</attwidth><attrdef>Type of the street</attrdef><attrdefs>King County</attrdefs></attr>
			<attr>
				<attrlabl>SUFFIX</attrlabl>
				<attrdomv>
					<edom>
						<edomv>(no value)</edomv>
					</edom>
					<edom>
						<edomv>N</edomv>
						<edomvd>North</edomvd>
						<edomvds>King County</edomvds>
					</edom>
					<edom>
						<edomv>NE</edomv>
						<edomvd>Northeast</edomvd>
						<edomvds>King County</edomvds>
					</edom>
					<edom>
						<edomv>S</edomv>
						<edomvd>South</edomvd>
						<edomvds>King County</edomvds>
					</edom>
					<edom>
						<edomv>SE</edomv>
						<edomvd>Southeast</edomvd>
						<edomvds>King County</edomvds>
					</edom>
					<edom>
						<edomv>SW</edomv>
						<edomvd>Southwest</edomvd>
						<edomvds>King County</edomvds>
					</edom>
				</attrdomv>
				<attrtype Sync="TRUE">String</attrtype><attwidth Sync="TRUE">2</attwidth><attrdef>Suffix of the street</attrdef><attrdefs>King County</attrdefs></attr>
			<attr>
				<attrlabl>GRADE</attrlabl>
				<attrdomv>
					<edom>
						<edomv>0</edomv>
					</edom>
					<edom>
						<edomv>1</edomv>
						<edomvd></edomvd>
						<edomvds></edomvds>
					</edom>
				</attrdomv>
				<attrtype Sync="TRUE">Number</attrtype><attwidth Sync="TRUE">2</attwidth><attrdef>Slope of the street</attrdef><attrdefs>King County</attrdefs></attr>
			<attr>
				<attrlabl>BARRIER</attrlabl>
				<attrdomv>
					<edom>
						<edomv>0</edomv>
					</edom>
					<edom>
						<edomv>1</edomv>
						<edomvd></edomvd>
						<edomvds></edomvds>
					</edom>
				</attrdomv>
				<attrtype Sync="TRUE">Number</attrtype><attwidth Sync="TRUE">2</attwidth><attrdef>Trip planning defines streets where pedestrian crossings are not allowed</attrdef><attrdefs>King County</attrdefs></attr>
			<attr>
				<attrlabl>TROLLEY</attrlabl>
				<attrdomv>
					<edom>
						<edomv>0</edomv>
					</edom>
					<edom>
						<edomv>1</edomv>
						<edomvd></edomvd>
						<edomvds></edomvds>
					</edom>
				</attrdomv>
				<attrtype Sync="TRUE">Number</attrtype><attwidth Sync="TRUE">4</attwidth><attrdef>Numbers identify streets as trolley overhead</attrdef><attrdefs>King County</attrdefs></attr>
			<attr>
				<attrlabl>HOV</attrlabl>
				<attrdef>Numbers indicate the direction of HOV lanes</attrdef>
				<attrdefs>King County</attrdefs>
				<attrdomv>
					<edom>
						<edomv>0</edomv>
					</edom>
					<edom>
						<edomv>1</edomv>
						<edomvd>North</edomvd>
						<edomvds>King County</edomvds>
					</edom>
					<edom>
						<edomv>2</edomv>
						<edomvd>South</edomvd>
						<edomvds>King County</edomvds>
					</edom>
					<edom>
						<edomv>3</edomv>
						<edomvd>East</edomvd>
						<edomvds>King County</edomvds>
					</edom>
					<edom>
						<edomv>4</edomv>
						<edomvd>West</edomvd>
						<edomvds>King County</edomvds>
					</edom>
					<edom>
						<edomv>5</edomv>
						<edomvd>Both</edomvd>
						<edomvds>King County</edomvds>
					</edom>
				</attrdomv>
				<attrtype Sync="TRUE">Number</attrtype><attwidth Sync="TRUE">2</attwidth></attr>
		</detailed>
		<overview>
		</overview>
	</eainfo>
	<distinfo>
		<distrib>
			<cntinfo>
				<cntperp>
					<cntper>Cheryl Wilder</cntper>
					<cntorg>KCGIS Center</cntorg>
				</cntperp>
				<cntpos>Data Sales Coordinator</cntpos>
				<cntaddr>
					<addrtype>Mailing and physical address</addrtype>
					<address>201 S Jackson St, Suite 700</address>
					<city>Seattle</city>
					<state>WA</state>
					<postal>98104</postal>
					<country>USA</country>
				</cntaddr>
				<cntvoice>206-263-5220</cntvoice>
			</cntinfo>
		</distrib>
		<resdesc>/plibrary2/street/shapes/arc/kcsnf.shp</resdesc>
		<distliab>
King County disclaims any warranty of use of any digital
product or data beyond that for which it was designed.
</distliab>
		<stdorder>
			<digform>
				<digtinfo>
					<formname>ESRI Shapefile</formname>
					<transize Sync="TRUE">0.737</transize><dssize Sync="TRUE">0.737</dssize></digtinfo>
				<digtopt>
					<onlinopt>
						<computer>
							<networka>
								<networkr>\\gisdw\kclib\plibrary2\street\shapes\arc\kcsnf.shp</networkr>
							</networka>
						</computer>
					</onlinopt>
					<offoptn>
						<offmedia>Yes</offmedia>
						<recfmt>CD or DVD Read-only media, if offline</recfmt>
					</offoptn>
				</digtopt>
			</digform>
			<fees>Contact KCGIS Client Services for the cost of reproduction - http://www.metrokc.gov/gis/services/index.htm</fees>
		</stdorder>
	</distinfo>
	<metainfo>
		<metd>20050811</metd>
		<metc>
			<cntinfo>
				<cntorgp>
					<cntorg>King County Dept. of Transportation, Metro Transit Division, GIS Group</cntorg>
					<cntper>Tamara Davis</cntper>
				</cntorgp>
				<cntpos>GIS Analyst</cntpos>
				<cntaddr>
					<addrtype>Mailing and physical address</addrtype>
					<address>201 S Jackson St, Suite 800</address>
					<city>Seattle</city>
					<state>WA</state>
					<postal>98104-3856</postal>
					<country>USA</country>
				</cntaddr>
				<cntvoice>206-684-2118</cntvoice>
				<cntemail>firstname.lastname@metrokc.gov</cntemail>
			</cntinfo>
		</metc>
		<metstdn>FGDC Content Standards for Digital Geospatial Metadata</metstdn>
		<metstdv>FGDC-STD-001-1998</metstdv>
		<langmeta Sync="TRUE">en</langmeta><mettc Sync="TRUE">local time</mettc><metextns><onlink Sync="TRUE">http://www.esri.com/metadata/esriprof80.html</onlink><metprof Sync="TRUE">ESRI Metadata Profile</metprof></metextns></metainfo>
	<Esri><CreaDate>20080904</CreaDate><CreaTime>13133100</CreaTime><SyncOnce>FALSE</SyncOnce><SyncDate>20051011</SyncDate><SyncTime>13490300</SyncTime><ModDate>20051114</ModDate><ModTime>12232800</ModTime><MetaID>{E0E652F1-E2B9-4201-8F12-D93BE245F338}</MetaID></Esri><dataIdInfo><envirDesc Sync="TRUE">Microsoft Windows XP Version 5.1 (Build 2600) Service Pack 2; ESRI ArcCatalog 9.0.0.535</envirDesc><dataLang><languageCode Sync="TRUE" value="en"></languageCode></dataLang><idCitation><resTitle Sync="TRUE">kcsnf</resTitle><presForm><PresFormCd Sync="TRUE" value="005"></PresFormCd></presForm></idCitation><spatRpType><SpatRepTypCd Sync="TRUE" value="001"></SpatRepTypCd></spatRpType><dataExt><geoEle><GeoBndBox esriExtentType="native"><westBL Sync="TRUE">1174236.182816</westBL><eastBL Sync="TRUE">1501591.879</eastBL><northBL Sync="TRUE">476732.338135</northBL><southBL Sync="TRUE">31796.918392</southBL><exTypeCode Sync="TRUE">1</exTypeCode></GeoBndBox></geoEle></dataExt><geoBox esriExtentType="decdegrees"><westBL Sync="TRUE">-122.7485</westBL><eastBL Sync="TRUE">-121.390525</eastBL><northBL Sync="TRUE">48.305517</northBL><southBL Sync="TRUE">47.071634</southBL><exTypeCode Sync="TRUE">1</exTypeCode></geoBox></dataIdInfo><mdLang><languageCode Sync="TRUE" value="en"></languageCode></mdLang><mdStanName Sync="TRUE">ISO 19115 Geographic Information - Metadata</mdStanName><mdStanVer Sync="TRUE">DIS_ESRI1.0</mdStanVer><mdChar><CharSetCd Sync="TRUE" value="004"></CharSetCd></mdChar><mdHrLv><ScopeCd Sync="TRUE" value="005"></ScopeCd></mdHrLv><mdHrLvName Sync="TRUE">dataset</mdHrLvName><distInfo><distributor><distorTran><onLineSrc><orDesc Sync="TRUE">002</orDesc><linkage Sync="TRUE">file://\\CSDE-FS1\Transfer\MW360\Freeways\kcsnf</linkage><protocol Sync="TRUE">Local Area Network</protocol></onLineSrc><transSize Sync="TRUE">0.737</transSize></distorTran><distorFormat><formatName Sync="TRUE">Shapefile</formatName></distorFormat></distributor></distInfo><spdoinfo><direct Sync="TRUE">Vector</direct><ptvctinf><esriterm Name="kcsnf"><efeatyp Sync="TRUE">Simple</efeatyp><efeageom Sync="TRUE">Polyline</efeageom><esritopo Sync="TRUE">FALSE</esritopo><efeacnt Sync="TRUE">5556</efeacnt><spindex Sync="TRUE">TRUE</spindex><linrefer Sync="TRUE">FALSE</linrefer></esriterm><sdtsterm Name="kcsnf"><sdtstype Sync="TRUE">String</sdtstype><ptvctcnt Sync="TRUE">5556</ptvctcnt></sdtsterm></ptvctinf></spdoinfo><spref><horizsys><cordsysn><geogcsn Sync="TRUE">GCS_North_American_1983_HARN</geogcsn><projcsn Sync="TRUE">NAD_1983_HARN_StatePlane_Washington_North_FIPS_4601_Feet</projcsn></cordsysn><planar><planci><plance Sync="TRUE">coordinate pair</plance><plandu Sync="TRUE">survey feet</plandu><coordrep><absres Sync="TRUE">0.001024</absres><ordres Sync="TRUE">0.001024</ordres></coordrep></planci><mapproj><mapprojn Sync="TRUE">Lambert Conformal Conic</mapprojn><lambertc><stdparll Sync="TRUE">47.500000</stdparll><stdparll Sync="TRUE">48.733333</stdparll><longcm Sync="TRUE">-120.833333</longcm><latprjo Sync="TRUE">47.000000</latprjo><feast Sync="TRUE">1640416.666667</feast><fnorth Sync="TRUE">0.000000</fnorth></lambertc></mapproj></planar><geodetic><horizdn Sync="TRUE">D_North_American_1983_HARN</horizdn><ellips Sync="TRUE">Geodetic Reference System 80</ellips><semiaxis Sync="TRUE">6378137.000000</semiaxis><denflat Sync="TRUE">298.257222</denflat></geodetic></horizsys></spref><refSysInfo><RefSystem><refSysID><identCode Sync="TRUE">NAD_1983_HARN_StatePlane_Washington_North_FIPS_4601_Feet</identCode></refSysID></RefSystem></refSysInfo><spatRepInfo><VectSpatRep><topLvl><TopoLevCd Sync="TRUE" value="001"></TopoLevCd></topLvl><geometObjs Name="kcsnf"><geoObjTyp><GeoObjTypCd Sync="TRUE" value="001"></GeoObjTypCd></geoObjTyp><geoObjCnt Sync="TRUE">5556</geoObjCnt></geometObjs></VectSpatRep></spatRepInfo><mdDateSt Sync="TRUE">20051114</mdDateSt></metadata>
