<?xml version="1.0" encoding="UTF-8"?>
<metadata>
	<idinfo>
		<citation>
			<citeinfo>
				<origin>King County</origin>
				<pubdate>20050309</pubdate>
				<title>Floodplain</title>
				<edition>One</edition>
				<geoform Sync="TRUE">vector digital data</geoform>
				<pubinfo>
					<pubplace>King County, WA</pubplace>
					<publish>King County</publish>
				</pubinfo>
				<othercit>None</othercit>
				<onlink Sync="TRUE">\\CSDE-FS1\Transfer\MW360\Flood Zone\fldplain</onlink>
			</citeinfo>
		</citation>
		<descript>
			<abstract>A compilation of best available floodplain boundaries.</abstract>
			<purpose>This coverage provides the location of the regulatory 100 year floodplain.  This information is intended for informational purposes only, and should not be used for parcel level determinations.</purpose>
			<supplinf>None</supplinf>
		</descript>
		<timeperd>
			<timeinfo>
				<sngdate>
					<caldate>20060306</caldate>
				</sngdate>
			</timeinfo>
			<current>publication date</current>
		</timeperd>
		<status>
			<progress>Complete</progress>
			<update>As needed</update>
		</status>
		<spdom>
			<bounding>
				<westbc Sync="TRUE">-122.541944</westbc>
				<eastbc Sync="TRUE">-121.305868</eastbc>
				<northbc Sync="TRUE">47.787613</northbc>
				<southbc Sync="TRUE">47.108649</southbc>
			</bounding>
		</spdom>
		<keywords>
			<theme>
				<themekt>Not applicable</themekt>
				<themekey>hydro</themekey>
				<themekey>floodplain</themekey>
				<themekey>rivers</themekey>
			</theme>
			<place>
				<placekt>Not applicable</placekt>
				<placekey>King County, WA</placekey>
				<placekey>Pacific NW</placekey>
				<placekey>Washington state</placekey>
			</place>
		</keywords>
		<accconst>None</accconst>
		<useconst>
King County data are made available with the understanding that they shall be used exclusively by the obtainer or his/her authorized agents. Digital products may not be reproduced or redistributed in any form or by any means without the express written authorization of King County.

This coverage is intended to represent the best available 100 year floodplain boundaries. It does not include features found on the officially published paper FEMA Flood Insureance Rate Maps such as cross section locations, elevations, and flood zones outside the 100 year floodplain.
</useconst>
		<ptcontac>
			<cntinfo>
				<cntperp>
					<cntper>Ken Rauscher</cntper>
					<cntorg>King County Dept. of Natural Resources and Parks, Water and Lands Resources Division</cntorg>
				</cntperp>
				<cntpos>GIS Analyst</cntpos>
				<cntaddr>
					<addrtype>Mailing and physical address</addrtype>
					<address>201 S Jackson St, Suite 600</address>
					<city>Seattle</city>
					<state>WA</state>
					<postal>98104</postal>
					<country>USA</country>
				</cntaddr>
				<cntvoice>206-296-1922</cntvoice>
			</cntinfo>
		</ptcontac>
		<browse>
			<browsen>http://www.metrokc.gov/gis/sdc/content/internal/images/fldplain.jpg</browsen>
			<browsed>JPG File of layer overlain on base of WA counties or local cities</browsed>
			<browset>JPG</browset>
		</browse>
		<datacred>DNRP, FEMA, Michael Baker &amp; Assoc.</datacred>
		<native Sync="TRUE">Microsoft Windows XP Version 5.1 (Build 2600) Service Pack 2; ESRI ArcCatalog 9.1.0.722</native>
	</idinfo>
	<dataqual>
		<attracc>
			<attraccr>Unknown.</attraccr>
		</attracc>
		<logic>This dataset meets standard coverage QA/QC checks such as labelerrors, nodeerrors.</logic>
		<complete>This dataset shows the location of regulatory floodplains within King County.</complete>
		<lineage>
			<procstep>
				<procdesc>Some portions of the coverage were obtained by Michael Baker &amp; Associates (a FEMA contractor). Sources for the data include FEMA preliminary and final flood insurance maps (FIRMs) and King County flood boundary work maps.</procdesc>
				<procdate>20030303</procdate>
			</procstep>
			<procstep><procdesc Sync="TRUE">Dataset copied.</procdesc><srcused Sync="TRUE">H:\gislabs\lab5data\King_fldplain\fldplain</srcused><date Sync="TRUE">20080904</date><time Sync="TRUE">13134500</time></procstep></lineage>
	</dataqual>
	<spdoinfo>
		<direct Sync="TRUE">Vector</direct>
		<ptvctinf>
			<sdtsterm Name="maint.WLR.FLDPLAIN_AREA">
				<sdtstype Sync="TRUE">G-polygon</sdtstype>
				<ptvctcnt Sync="TRUE">315</ptvctcnt>
			</sdtsterm>
		</ptvctinf>
	</spdoinfo>
	<spref>
		<horizsys>
			<planar>
				<mapproj>
					<mapprojn Sync="TRUE">Lambert Conformal Conic</mapprojn>
					<lambertc>
						<stdparll Sync="TRUE">47.500000</stdparll>
						<stdparll Sync="TRUE">48.733333</stdparll>
						<longcm Sync="TRUE">-120.833333</longcm>
						<latprjo Sync="TRUE">47.000000</latprjo>
						<feast Sync="TRUE">1640416.666667</feast>
						<fnorth Sync="TRUE">0.000000</fnorth>
					</lambertc>
				</mapproj>
				<planci>
					<plance Sync="TRUE">coordinate pair</plance>
					<coordrep>
						<absres Sync="TRUE">0.001000</absres>
						<ordres Sync="TRUE">0.001000</ordres>
					</coordrep>
					<plandu Sync="TRUE">survey feet</plandu>
				</planci>
			</planar>
			<geodetic>
				<horizdn Sync="TRUE">D_North_American_1983_HARN</horizdn>
				<ellips Sync="TRUE">Geodetic Reference System 80</ellips>
				<semiaxis Sync="TRUE">6378137.000000</semiaxis>
				<denflat Sync="TRUE">298.257222</denflat>
			</geodetic>
		</horizsys>
		<vertdef>
			<altsys>
				<altdatum>none</altdatum>
				<altres Sync="TRUE">1.000000</altres>
				<altunits>none</altunits>
				<altenc Sync="TRUE">Explicit elevation coordinate included with horizontal coordinates</altenc>
			</altsys>
		</vertdef>
	</spref>
	<eainfo>
		<detailed Name="maint.WLR.FLDPLAIN_AREA">
			<enttyp>
				<enttypl>FLDPLAIN</enttypl>
				<enttypd>Polygon attribute table.</enttypd>
				<enttypds>ESRI</enttypds>
			</enttyp>
			<attr>
				<attrlabl Sync="TRUE">OBJECTID</attrlabl>
				<attrdef Sync="TRUE">Internal feature number.</attrdef>
				<attrdefs Sync="TRUE">ESRI</attrdefs>
				<attrdomv>
					<udom Sync="TRUE">Sequential unique whole numbers that are automatically generated.</udom>
				</attrdomv>
			</attr>
			<attr>
				<attrlabl>FLOODPLAIN</attrlabl>
				<attrdef>Areas designated as floodplain: Land immediately adjoining a stream which is inundated when the discharge exceeds the conveyance of the normal channel.</attrdef>
				<attrdefs>King County</attrdefs>
				<attrdomv>
					<edom>
						<edomv>100 Year</edomv>
						<edomvd>The boundary of the flood that has a one-percent chance of being equaled or exceeded in any given year.</edomvd>
						<edomvds>King County</edomvds>
					</edom>
				</attrdomv>
			</attr>
			<attr>
				<attrlabl Sync="TRUE">SHAPE</attrlabl>
				<attrdef Sync="TRUE">Feature geometry.</attrdef>
				<attrdefs Sync="TRUE">ESRI</attrdefs>
				<attrdomv>
					<udom Sync="TRUE">Coordinates defining the features.</udom>
				</attrdomv>
			</attr>
			<attr>
				<attrlabl Sync="TRUE">SHAPE.area</attrlabl>
				<attrdef>Feature area in square feet.</attrdef>
				<attrdefs>ESRI</attrdefs>
				<attrdomv>
					<udom>Area values generated by software.</udom>
				</attrdomv>
			</attr>
			<attr>
				<attrlabl Sync="TRUE">SHAPE.len</attrlabl>
				<attrdef>Feature perimeter in feet.</attrdef>
				<attrdefs>ESRI</attrdefs>
				<attrdomv>
					<udom>Perimeter values generated by software.</udom>
				</attrdomv>
			</attr>
		</detailed>
		<overview>
			<eaover>This data contains polygons showing the locations of the regulatory 100 year floodplains.</eaover>
			<eadetcit>See Detailed Description section of Entity Attribute section.</eadetcit>
		</overview>
	</eainfo>
	<distinfo>
		<distrib>
			<cntinfo>
				<cntperp>
					<cntper>Cheryl Wilder</cntper>
					<cntorg>KCGIS Center</cntorg>
				</cntperp>
				<cntpos>Data Sales Coordinator</cntpos>
				<cntaddr>
					<addrtype>Mailing and physical address</addrtype>
					<address>201 S Jackson St, Suite 700</address>
					<city>Seattle</city>
					<state>WA</state>
					<postal>980914</postal>
					<country>USA</country>
				</cntaddr>
				<cntvoice>206-263-5220</cntvoice>
			</cntinfo>
		</distrib>
		<resdesc>/plibrary2/hydro/shapes/polygon/fldplain.shp</resdesc>
		<distliab>
King County disclaims any warranty of use of any digital
product or data beyond that for which it was designed.
</distliab>
		<stdorder>
			<digform>
				<digtinfo>
					<formname>ESRI Shapefile</formname>
					<transize Sync="TRUE">1.901</transize>
				</digtinfo>
				<digtopt>
					<onlinopt>
						<computer>
							<networka>
								<networkr>\\gisdw\kclib\plibrary2\hydro\shapes\polygon\fldplain.shp</networkr>
							</networka>
						</computer>
					</onlinopt>
					<offoptn>
						<offmedia>Yes</offmedia>
						<recfmt>CD or DVD Read-only media, if offline</recfmt>
					</offoptn>
				</digtopt>
			</digform>
			<fees>Contact KCGIS Client Services for the cost of reproduction - http://www.metrokc.gov/gis/services/index.htm</fees>
		</stdorder>
	</distinfo>
	<metainfo>
		<metd Sync="TRUE">20060428</metd>
		<metc>
			<cntinfo>
				<cntorgp>
					<cntorg>King County Dept. of Natural Resources and Parks, Water and Lands Resources Division</cntorg>
					<cntper>Ken Rauscher</cntper>
				</cntorgp>
				<cntpos>GIS Analyst</cntpos>
				<cntaddr>
					<addrtype>Mailing and physical address</addrtype>
					<address>201 S Jackson St, Suite 600</address>
					<city>Seattle</city>
					<state>WA</state>
					<postal>98104</postal>
					<country>USA</country>
				</cntaddr>
				<cntvoice>206-296-1922</cntvoice>
				<cntemail>firstname.lastname@metrokc.gov</cntemail>
			</cntinfo>
		</metc>
		<metstdn Sync="TRUE">FGDC Content Standards for Digital Geospatial Metadata</metstdn>
		<metstdv Sync="TRUE">FGDC-STD-001-1998</metstdv>
		<mettc Sync="TRUE">local time</mettc>
		<metextns>
			<onlink Sync="TRUE">http://www.esri.com/metadata/esriprof80.html</onlink>
			<metprof Sync="TRUE">ESRI Metadata Profile</metprof>
		</metextns>
	</metainfo>
	<Esri><MetaID>{A9DB87DA-0FED-4B7B-A8F4-9441506C0E87}</MetaID><CreaDate>20080904</CreaDate><CreaTime>13134500</CreaTime><SyncOnce>TRUE</SyncOnce></Esri><distInfo><distributor><distorTran><onLineSrc><linkage Sync="TRUE">file://\\CSDE-FS1\Transfer\MW360\Flood Zone\fldplain</linkage><protocol Sync="TRUE">Local Area Network</protocol></onLineSrc></distorTran></distributor></distInfo></metadata>
