<?xml version="1.0" encoding="UTF-8"?>
<metadata>
	<idinfo>
		<citation>
			<citeinfo>
				<origin>King County</origin>
				<pubdate>1997</pubdate>
				<title>Seismic Hazards</title>
				<edition>One</edition>
				<geoform Sync="TRUE">vector digital data</geoform>
				<pubinfo>
					<pubplace>King County, WA</pubplace>
					<publish>King County</publish>
				</pubinfo>
				<othercit>None</othercit>
				<onlink Sync="TRUE">\\CSDE-FS1\Transfer\MW360\Seismic Zone\seism</onlink>
			</citeinfo>
		</citation>
		<descript>
			<abstract>The King County Sensitive Areas Ordinance (SAO) defines significant seismic hazard areas as those areas of King County subject to severe risk of earthquake damage as a result of seismically induced settlement or soil liquefaction.  These conditions occur in areas underlain by cohesionless soils of low density, usually in association with a shallow groundwater table.</abstract>
			<purpose>This is a SAO layer.</purpose>
			<supplinf>
When shaken by an earthquake, certain soils lose their ability to support a load.  Some soils will actually flow like a fluid, a process called liquefaction.  Loss of soil strength can also result in failure of the ground surface (e.g., surface settlement, surface cracking, landsliding) and damage to structures supported in or on the soil.

Loose, water-saturated materials are the most susceptible to seismically induced ground failure.  Such materials also tend to experience the most severe ground shaking during an earthquake.  The geologic environment of Puget Sound commonly results in deposits of loose, lake and/or beach sedimentation proved conditions with the potential for seismically-induced liquefaction and ground failure.  Likewise areas of artificial fill my also be subject to earthquake-induced settlement and loss of strength.

When development is proposed on a seismic hazard area, the applicant must submit a study which demonstrates that: 1) evaluation of site-specific subsurface conditions shows that the site is not located in a seismic hazard areas; or 2) mitigation is implemented that renders the proposed development as safe as if it were not a seismic hazard area.  Criteria for the design earthquake will be developed through administrative rules and will differ for critical facilities, as defined by the Uniform Building Code, and standard structures.
</supplinf>
		</descript>
		<timeperd>
			<timeinfo>
				<sngdate>
					<caldate>1990</caldate>
				</sngdate>
			</timeinfo>
			<current>publication date</current>
		</timeperd>
		<status>
			<progress>In work</progress>
			<update>randomly</update>
		</status>
		<spdom>
			<bounding>
				<westbc Sync="TRUE">-122.538030</westbc>
				<eastbc Sync="TRUE">-121.689203</eastbc>
				<northbc Sync="TRUE">47.785043</northbc>
				<southbc Sync="TRUE">47.144675</southbc>
			</bounding>
		</spdom>
		<keywords>
			<theme>
				<themekt>Not applicable</themekt>
				<themekey>enviro</themekey>
				<themekey>natural resoures</themekey>
				<themekey>none</themekey>
			</theme>
			<place>
				<placekt>Not applicable</placekt>
				<placekey>King County, WA</placekey>
				<placekey>Pacific NW</placekey>
				<placekey>Washington state</placekey>
			</place>
		</keywords>
		<accconst>None</accconst>
		<useconst>
King County data are made available with the understanding that they shall be used exclusively by the obtainer or his/her authorized agents. Digital products may not be reproduced or redistributed in any form or by any means without the express written authorization of King County.
Determination of seismic hazard areas for these maps is based entirely on available geologic mapping at scales from 1:24,000 to 1:100,000.  For these maps no subsurface soil information was used and no field check was performed.  Not all alluvial deposits pose a risk, but without subsurface information, those that pose a risk cannot be distinguished from those that do not.  Therefore all alluvial deposits are included as hazard areas.  Likewise, at the scale of available mapping, deposits of less than several hundred feet in extent will not be resolved; some areas not shown on the maps may also pose a seismic hazard.  These maps show where deposits susceptible to liquefaction and ground failure are likely to exist; final determination depends on actual conditions at the site.

SEISM is suitable for general reference and  medium to small scale map displays; and generalized analyses.
</useconst>
		<ptcontac>
			<cntinfo>
				<cntperp>
					<cntper>Paul McCombs</cntper>
					<cntorg>King County Dept. of Environmental Services</cntorg>
				</cntperp>
				<cntpos>GIS Data Team Lead</cntpos>
				<cntaddr>
					<addrtype>Mailing and physical address</addrtype>
					<address>900 Oakesdale Ave SW</address>
					<city>Renton</city>
					<state>WA</state>
					<postal>98055-1219</postal>
					<country>USA</country>
				</cntaddr>
				<cntvoice>206-296-7258</cntvoice>
			</cntinfo>
		</ptcontac>
		<browse>
			<browsen>http://www.metrokc.gov/gis/sdc/content/internal/images/seism.jpg</browsen>
			<browsed>JPG File of layer overlain on base of WA counties or local cities</browsed>
			<browset>JPG</browset>
		</browse>
		<native Sync="TRUE">Microsoft Windows XP Version 5.1 (Build 2600) Service Pack 2; ESRI ArcCatalog 9.1.0.722</native>
	</idinfo>
	<dataqual>
		<attracc></attracc>
		<lineage>
			<srcinfo>
				<srccite>
					<citeinfo>
						<origin>Chleborad, A.F. and R. L. Schuster</origin>
						<pubdate>1980</pubdate>
						<title>Assessing and Reducing Earthquake Hazards in the Pacific Northwest</title>
						<othercit>U.S. Geological Survey Publication</othercit>
					</citeinfo>
				</srccite>
				<srccitea>Chleborad and Schuster</srccitea>
				<srccontr>Bibliography</srccontr>
			</srcinfo>
			<srcinfo>
				<srccite>
					<citeinfo>
						<origin>Keefer, D.K.</origin>
						<pubdate>1983</pubdate>
						<title>Landslides, Soil Liquefaction, and Related Ground Failures in Puget Sound Earthquakes</title>
						<othercit>Pp. 280-299; in: Jacobson (ed.), Proceedings of Workshop XIV, Earthquake Hazards of the Puget Sound Region, Washington; Oct. 13-15, 1980. U.S. Geological Survey, Open-File Report 83-19</othercit>
					</citeinfo>
				</srccite>
				<srccitea>Keefer</srccitea>
				<srccontr>Bibliography</srccontr>
			</srcinfo>
			<srcinfo>
				<srccite>
					<citeinfo>
						<origin>King County, WA</origin>
						<pubdate>1990</pubdate>
						<title>Sensitive Areas Ordinance</title>
						<othercit>Sensitive Areas Ordinance." Ordinance no. 9614, passed August 29, 1990</othercit>
					</citeinfo>
				</srccite>
				<srccitea>KCSAO</srccitea>
				<srccontr>Bibliography</srccontr>
			</srcinfo>
			<srcinfo>
				<srccite>
					<citeinfo>
						<origin>McCrumb, D.R., R.W. Galster, D.O. West, R.R. Crosson, R.S. Ludwin, W.E. Hancock, and L.V. Mann</origin>
						<pubdate>1989</pubdate>
						<title>Tectonics, Seismicity, and Engineering Seismology in Washington</title>
						<othercit>Pp 97 120 in. Gaister (ed), Engineering Geology in Washington. Washington division of Geology and Earth Resources, Bulletin 78, Vol 1</othercit>
					</citeinfo>
				</srccite>
				<srccitea>McCrumb et al</srccitea>
				<srccontr>Bibliography</srccontr>
			</srcinfo>
			<srcinfo>
				<srccite>
					<citeinfo>
						<origin>, L.L., A. Qamar, and G.W. Thorsen</origin>
						<pubdate>1988</pubdate>
						<title>Washington State Earthquake Hazards</title>
						<othercit>Washington division of Geology and Earth Resources, Information Circular 85</othercit>
					</citeinfo>
				</srccite>
				<srccitea>Noson and Thorsen</srccitea>
				<srccontr>Bibliography</srccontr>
			</srcinfo>
			<srcinfo>
				<srccite>
					<citeinfo>
						<origin>Palmer, S.P.</origin>
						<pubdate>1990</pubdate>
						<title>Geotechnical Analysis of Liquefaction in Puyallup During the 1949 and 1965 Puget Sound Earthquakes</title>
						<othercit>Washington Geologic Newsletter, 18, no. 3, pp 3-7</othercit>
					</citeinfo>
				</srccite>
				<srccitea>Palmer</srccitea>
				<srccontr>Bibliography</srccontr>
			</srcinfo>
			<srcinfo>
				<srccite>
					<citeinfo>
						<origin>Rasmussen, N.H., R.C. Millard, and S.W. Smith</origin>
						<pubdate>1974</pubdate>
						<title>Earthquake Hazard Evaluation of the Puget Sound Region, Washington State</title>
						<othercit>Geophysics Program, University of Washington. Seattle Water Department. 1989</othercit>
					</citeinfo>
				</srccite>
				<srccitea>Rasmussen</srccitea>
				<srccontr>Bibliography</srccontr>
			</srcinfo>
			<srcinfo>
				<srccite>
					<citeinfo>
						<origin>WCAO</origin>
						<title>Reliability Study of Water Systems</title>
						<othercit>WCAO 88175</othercit>
					</citeinfo>
				</srccite>
				<srccitea>WCAO</srccitea>
				<srccontr>Bibliography</srccontr>
			</srcinfo>
			<srcinfo>
				<srccite>
					<citeinfo>
						<origin>Shulene, J.A.</origin>
						<title>Evidence of Liquefaction in the Puyallup Valley</title>
						<othercit>Washington Geologic Newsletter, 18 no. 2, pp 15-16</othercit>
					</citeinfo>
				</srccite>
				<srccitea>Schulene</srccitea>
				<srccontr>Bibliography</srccontr>
			</srcinfo>
			<srcinfo>
				<srccite>
					<citeinfo>
						<title>7. ½ Minute Geologic Quadangles (1:24,000) for the King County area</title>
					</citeinfo>
				</srccite>
				<srcscale>1:24000</srcscale>
				<srccitea>USGS</srccitea>
				<srccontr>Maps</srccontr>
			</srcinfo>
			<srcinfo>
				<srccite>
					<citeinfo>
						<origin>Booth, D.B.</origin>
						<pubdate>1984</pubdate>
						<title>Geologic Map of West Half Skykomish River</title>
						<othercit>U.S. Geologic Survey Map OF 84-213</othercit>
					</citeinfo>
				</srccite>
				<srcscale>1:50000</srcscale>
				<srccitea>Booth</srccitea>
				<srccontr>Map</srccontr>
			</srcinfo>
			<srcinfo>
				<srccite>
					<citeinfo>
						<origin>Frizzell, V.A., Jr. R.W. Tabor, D.B. Booth, K.M. Ort, and R.B. Waitt, Jr.</origin>
						<pubdate>1984</pubdate>
						<title>Geologic Map of Snoqualmie Pass</title>
						<othercit>U.S. Geologic Survey, Map OF 84-693</othercit>
					</citeinfo>
				</srccite>
				<srcscale>1:100000</srcscale>
				<srccitea>Frizzell</srccitea>
				<srccontr>Map</srccontr>
			</srcinfo>
			<srcinfo>
				<srccite>
					<citeinfo>
						<origin>, B.A., C.E. Price, and K.L. Walters</origin>
						<pubdate>1963</pubdate>
						<title>Geology and Groundwater Resources of Northwestern King County, Washington</title>
						<othercit>Plate One: Generalized Geologic Map of Northwestern King County,  Division of Water Resources Water Supply bulletin No. 20, Olympia, WA</othercit>
					</citeinfo>
				</srccite>
				<srcscale>1:48000</srcscale>
				<srccitea>Leisch and Walters</srccitea>
				<srccontr>Map</srccontr>
			</srcinfo>
			<srcinfo>
				<srccite>
					<citeinfo>
						<origin>Livingston, V.E.</origin>
						<pubdate>1971</pubdate>
						<title>Geology and Mineral Resources of King County, Washington</title>
						<othercit>Division of Mines and Geology bulletin No. 63, Olympia, WA</othercit>
					</citeinfo>
				</srccite>
				<srcscale>1:64000</srcscale>
				<srccitea>Livingston</srccitea>
				<srccontr>Map</srccontr>
			</srcinfo>
			<srcinfo>
				<srccite>
					<citeinfo>
						<origin>Luzier, J.E.</origin>
						<pubdate>1969</pubdate>
						<title>Geology and Groundwater Reseources of Southwestern King County, Washington</title>
						<othercit>Plate One: Geologic map of Southwestern King County: 1:48,000 Department of Water Resources Water Supply bulletin No. 28, Olympia, WA</othercit>
					</citeinfo>
				</srccite>
				<srcscale>1:48000</srcscale>
				<srccitea>Luzier</srccitea>
				<srccontr>Map</srccontr>
			</srcinfo>
			<srcinfo>
				<srccite>
					<citeinfo>
						<origin>Waldron, H.Hl, B.A. Liesch, D.R. Mullineaux, and D.R. Crandell</origin>
						<pubdate>1962</pubdate>
						<title>Geologic Map of Seattle and Vicinity</title>
						<othercit>U.S. geologic Survey, Map I-354</othercit>
					</citeinfo>
				</srccite>
				<srccitea>Waldron et al</srccitea>
				<srccontr>Map</srccontr>
			</srcinfo>
			<procstep>
				<procdesc>The layer was mapped for the 1990 Sensitive Areas Folio. The areas mapped as seismic hazards are areas susceptible to earthquake induced liquefaction or ground failure.  These maps primarily show areas of post-glacial river and beach sedimentation.  Wetlands and shoreline deposits, though not delineated on these maps, can also pose potential seismic hazards; any are shown as a wetland on the wetland maps and shoreline areas underlain by lake sediments are also potential seismic hazard areas.  Likewise, zones shown as potential hazard areas on the landslide hazard maps are at increased risk of landsliding during an earthquake.</procdesc>
				<procdate>1990</procdate>
				<proccont>
					<cntinfo>
						<cntperp>
							<cntper>Dennis Higgins</cntper>
							<cntorg>KCGIS</cntorg>
						</cntperp>
						<cntpos>Client Services Manager</cntpos>
					</cntinfo>
				</proccont>
			</procstep>
			<procstep>
				<procdesc>Converted to GIS by Lisa Vicknair in late 1992/ early 1993.</procdesc>
				<procdate>1993</procdate>
				<proccont>
					<cntinfo>
						<cntperp>
							<cntper>Dennis Higgins</cntper>
							<cntorg>KCGIS</cntorg>
						</cntperp>
						<cntpos>Client Services Manager</cntpos>
					</cntinfo>
				</proccont>
			</procstep>
			<procstep>
				<procdesc Sync="TRUE">Metadata imported.</procdesc>
				<srcused Sync="TRUE">G:\DEPTWORK\ddes_metadata\seism.xml</srcused>
				<time Sync="TRUE">17235500</time>
			</procstep>
			<procstep><procdesc Sync="TRUE">Dataset copied.</procdesc><srcused Sync="TRUE">H:\gislabs\lab5data\King_seism\seism</srcused><date Sync="TRUE">20080904</date><time Sync="TRUE">13122800</time></procstep></lineage>
	</dataqual>
	<spdoinfo>
		<direct Sync="TRUE">Vector</direct>
		<ptvctinf>
			<sdtsterm Name="SDE.DDES.SEISM_AREA">
				<sdtstype Sync="TRUE">G-polygon</sdtstype>
				<ptvctcnt Sync="TRUE">68</ptvctcnt>
			</sdtsterm>
		</ptvctinf>
	</spdoinfo>
	<spref>
		<horizsys>
			<planar>
				<mapproj>
					<mapprojn Sync="TRUE">Lambert Conformal Conic</mapprojn>
					<lambertc>
						<stdparll Sync="TRUE">47.500000</stdparll>
						<stdparll Sync="TRUE">48.733333</stdparll>
						<longcm Sync="TRUE">-120.833333</longcm>
						<latprjo Sync="TRUE">47.000000</latprjo>
						<feast Sync="TRUE">1640416.666667</feast>
						<fnorth Sync="TRUE">0.000000</fnorth>
					</lambertc>
				</mapproj>
				<planci>
					<plance Sync="TRUE">coordinate pair</plance>
					<coordrep>
						<absres Sync="TRUE">0.001000</absres>
						<ordres Sync="TRUE">0.001000</ordres>
					</coordrep>
					<plandu Sync="TRUE">survey feet</plandu>
				</planci>
			</planar>
			<geodetic>
				<horizdn Sync="TRUE">D_North_American_1983_HARN</horizdn>
				<ellips Sync="TRUE">Geodetic Reference System 80</ellips>
				<semiaxis Sync="TRUE">6378137.000000</semiaxis>
				<denflat Sync="TRUE">298.257222</denflat>
			</geodetic>
		</horizsys>
		<vertdef>
			<altsys>
				<altres Sync="TRUE">1.000000</altres>
				<altenc Sync="TRUE">Explicit elevation coordinate included with horizontal coordinates</altenc>
			</altsys>
		</vertdef>
	</spref>
	<eainfo>
		<detailed Name="SDE.DDES.SEISM_AREA">
			<enttyp>
				<enttypl Sync="TRUE">SDE.DDES.SEISM_AREA</enttypl>
				<enttypds>ESRI</enttypds>
			</enttyp>
			<attr>
				<attrlabl>Shape</attrlabl>
				<attrdef>Feature Geometry</attrdef>
				<attrdefs>ESRI</attrdefs>
				<attrdomv>
					<udom>Coordinates defining the features</udom>
				</attrdomv>
			</attr>
			<attr>
				<attrlabl>HAZARD</attrlabl>
				<attrdef>Hazard Type</attrdef>
				<attrdefs>DDES</attrdefs>
				<attrdomv>
					<edom>
						<edomv>SEI</edomv>
						<edomvd>seismic</edomvd>
						<edomvds>DDES</edomvds>
					</edom>
				</attrdomv>
			</attr>
			<attr>
				<attrlabl>EDIT_DATE</attrlabl>
				<attrdef>edit date</attrdef>
				<attrdefs>DDES</attrdefs>
				<attrdomv></attrdomv>
			</attr>
			<attr>
				<attrlabl Sync="TRUE">OBJECTID</attrlabl>
				<attrdef Sync="TRUE">Internal feature number.</attrdef>
				<attrdefs Sync="TRUE">ESRI</attrdefs>
				<attrdomv>
					<udom Sync="TRUE">Sequential unique whole numbers that are automatically generated.</udom>
				</attrdomv>
			</attr>
			<attr>
				<attrlabl Sync="TRUE">Shape.area</attrlabl>
				<attrdef>area</attrdef>
				<attrdefs>ESRI</attrdefs>
			</attr>
			<attr>
				<attrlabl Sync="TRUE">Shape.len</attrlabl>
				<attrdef>length</attrdef>
				<attrdefs>ESRI</attrdefs>
			</attr>
		</detailed>
		<overview></overview>
	</eainfo>
	<distinfo>
		<distrib>
			<cntinfo>
				<cntperp>
					<cntper>Cheryl Wilder</cntper>
					<cntorg>KCGIS Center</cntorg>
				</cntperp>
				<cntpos>Data Sales Coordinator</cntpos>
				<cntaddr>
					<addrtype>Mailing and physical address</addrtype>
					<address>201 S Jackson St, Suite 700</address>
					<city>Seattle</city>
					<state>WA</state>
					<postal>980914</postal>
					<country>USA</country>
				</cntaddr>
				<cntvoice>206-296-7258</cntvoice>
			</cntinfo>
		</distrib>
		<resdesc>/plibrary2/enviro/shapes/polygon/seism.shp</resdesc>
		<distliab>
King County disclaims any warranty of use of any digital
product or data beyond that for which it was designed.
</distliab>
		<stdorder>
			<digform>
				<digtinfo>
					<formname>ESRI Shapefile</formname>
				</digtinfo>
				<digtopt>
					<onlinopt>
						<computer>
							<networka>
								<networkr>\\gisdw\kclib\plibrary2\enviro\shapes\polygon\seism.shp</networkr>
							</networka>
						</computer>
					</onlinopt>
					<offoptn>
						<offmedia>Yes</offmedia>
						<recfmt>CD or DVD Read-only media, if offline</recfmt>
					</offoptn>
				</digtopt>
			</digform>
			<fees>Contact KCGIS Client Services for the cost of reproduction - http://www.metrokc.gov/gis/services/index.htm</fees>
		</stdorder>
	</distinfo>
	<metainfo>
		<metd Sync="TRUE">20051227</metd>
		<metc>
			<cntinfo>
				<cntorgp>
					<cntorg>King County Dept. of Environmental Services</cntorg>
					<cntper>Paul McCombs</cntper>
				</cntorgp>
				<cntpos>GIS Data Team Lead</cntpos>
				<cntaddr>
					<addrtype>Mailing and physical address</addrtype>
					<address>900 Oakesdale Ave SW</address>
					<city>Renton</city>
					<state>WA</state>
					<postal>98055-1219</postal>
					<country>USA</country>
				</cntaddr>
				<cntvoice>206-296-7258</cntvoice>
				<cntemail>firstname.lastname@metrokc.gov</cntemail>
			</cntinfo>
		</metc>
		<metstdn Sync="TRUE">FGDC Content Standards for Digital Geospatial Metadata</metstdn>
		<metstdv Sync="TRUE">FGDC-STD-001-1998</metstdv>
		<mettc Sync="TRUE">local time</mettc>
		<metextns>
			<onlink Sync="TRUE">http://www.esri.com/metadata/esriprof80.html</onlink>
			<metprof Sync="TRUE">ESRI Metadata Profile</metprof>
		</metextns>
	</metainfo>
	<Esri><MetaID>{B53DD437-9FA6-49BD-853A-F66A1E233B6C}</MetaID><CreaDate>20080904</CreaDate><CreaTime>13122800</CreaTime><SyncOnce>TRUE</SyncOnce></Esri><distInfo><distributor><distorTran><onLineSrc><linkage Sync="TRUE">file://\\CSDE-FS1\Transfer\MW360\Seismic Zone\seism</linkage><protocol Sync="TRUE">Local Area Network</protocol></onLineSrc></distorTran></distributor></distInfo></metadata>
